"source_path","destination_path","platform","source_commit","source_worktree_state","bytes","lines","sha256","imported_at"
"matlab_platform/.gitignore","matlab_platform/.gitignore","matlab_platform","035f1475fd92e5639ff9b7fb78eb678ed2976e1c","dirty: M bcu_config.m","443","18","8ebda0cc262e5949a4a11efea8f4e0180c9055e4296c0b14410c20b49d832a5c","2026-09-01T13:08:16.8922033Z"
"matlab_platform/.vscode/settings.json","matlab_platform/.vscode/settings.json","matlab_platform","035f1475fd92e5639ff9b7fb78eb678ed2976e1c","dirty: M bcu_config.m","787","19","03173fdd35090836e60090385c7f7ec76de6591749259891ef4f4f4ccd270419","2026-09-01T13:08:16.8922033Z"
"matlab_platform/B3_MM/Cal_MM_CCT_SPM.m","matlab_platform/B3_MM/Cal_MM_CCT_SPM.m","matlab_platform","035f1475fd92e5639ff9b7fb78eb678ed2976e1c","dirty: M bcu_config.m","7117","139","b212711474acc06217338d190e442a1d7270ba0b098a7f1443bda9a2a0e4c763","2026-09-01T13:08:16.8922033Z"
"matlab_platform/B3_MM/Cal_MM_CCT.m","matlab_platform/B3_MM/Cal_MM_CCT.m","matlab_platform","035f1475fd92e5639ff9b7fb78eb678ed2976e1c","dirty: M bcu_config.m","9608","172","eb87faf23e2e51e54e466f04e497f812ca18cd17db83e98d81935d99a4f2cdec","2026-09-01T13:08:16.8922033Z"
"matlab_platform/B3_MM/Cal_MM_Static_SPM.m","matlab_platform/B3_MM/Cal_MM_Static_SPM.m","matlab_platform","035f1475fd92e5639ff9b7fb78eb678ed2976e1c","dirty: M bcu_config.m","12073","244","33464155e81d27258d2ae64a3f4d24824bc34e47017bf7f9f7166a9c4a270d67","2026-09-01T13:08:16.8922033Z"
"matlab_platform/B3_MM/Cal_MM_Static.m","matlab_platform/B3_MM/Cal_MM_Static.m","matlab_platform","035f1475fd92e5639ff9b7fb78eb678ed2976e1c","dirty: M bcu_config.m","11368","221","559090cd3f6b6bc7421826832485c3a5f2bf28445fc98192f84c62dc39a9d871","2026-09-01T13:08:16.8922033Z"
"matlab_platform/B3_MM/f_2m_fault.m","matlab_platform/B3_MM/f_2m_fault.m","matlab_platform","035f1475fd92e5639ff9b7fb78eb678ed2976e1c","dirty: M bcu_config.m","2074","50","09dcaf3d1191d2dbd35980440151a8a29ebb7d89f64134e84f97792d1d79a58c","2026-09-01T13:08:16.8922033Z"
"matlab_platform/B3_MM/f_2m_reduce.m","matlab_platform/B3_MM/f_2m_reduce.m","matlab_platform","035f1475fd92e5639ff9b7fb78eb678ed2976e1c","dirty: M bcu_config.m","2130","49","e89c0e5ef1b164da28625c4bc9e50cd3679218b5175b85ea37f051e37e99570d","2026-09-01T13:08:16.8922033Z"
"matlab_platform/B3_MM/f_2m.m","matlab_platform/B3_MM/f_2m.m","matlab_platform","035f1475fd92e5639ff9b7fb78eb678ed2976e1c","dirty: M bcu_config.m","2158","50","554e70e06d821eb0cb4ea9a8654f8f90d2d5ae946ae4d116e8c75e96a787a745","2026-09-01T13:08:16.8922033Z"
"matlab_platform/B3_MM/F_3M9B_MR_ODE.m","matlab_platform/B3_MM/F_3M9B_MR_ODE.m","matlab_platform","035f1475fd92e5639ff9b7fb78eb678ed2976e1c","dirty: M bcu_config.m","2693","79","4e6826bc936cd31c9c9fa1eb731d99479e423bd641bbaa8471176cf996465125","2026-09-01T13:08:16.8922033Z"
"matlab_platform/B3_MM/F_3M9B_SP_DAE.m","matlab_platform/B3_MM/F_3M9B_SP_DAE.m","matlab_platform","035f1475fd92e5639ff9b7fb78eb678ed2976e1c","dirty: M bcu_config.m","5794","185","e7ca4671ab8358bd4c34cd5dcfd65b97a945bb57b9047a61d81bc7f17046c10f","2026-09-01T13:08:16.8922033Z"
"matlab_platform/B3_MM/F_3M9B_SP_ODE.m","matlab_platform/B3_MM/F_3M9B_SP_ODE.m","matlab_platform","035f1475fd92e5639ff9b7fb78eb678ed2976e1c","dirty: M bcu_config.m","5106","152","c3c2f6b638608361e8e6d97651c4adc39950c110ade06737e3e1d3a670daccfd","2026-09-01T13:08:16.8922033Z"
"matlab_platform/B3_MM/f_reducedstate_SPM_backward.m","matlab_platform/B3_MM/f_reducedstate_SPM_backward.m","matlab_platform","035f1475fd92e5639ff9b7fb78eb678ed2976e1c","dirty: M bcu_config.m","4050","119","2387e4c6f39f0dcadd6795155c0ee9274f7c0ebe6417fb00cebad6d891836c48","2026-09-01T13:08:16.8922033Z"
"matlab_platform/B3_MM/f_reducedstate_SPM.m","matlab_platform/B3_MM/f_reducedstate_SPM.m","matlab_platform","035f1475fd92e5639ff9b7fb78eb678ed2976e1c","dirty: M bcu_config.m","4126","121","47c0747464ab31d3a1bc97fd4eae15f6f20dc051c27ffe95e639d020a15567c6","2026-09-01T13:08:16.8922033Z"
"matlab_platform/B3_MM/f_reducedstate.m","matlab_platform/B3_MM/f_reducedstate.m","matlab_platform","035f1475fd92e5639ff9b7fb78eb678ed2976e1c","dirty: M bcu_config.m","2083","57","d93933fb6f82510b16dea8fa8df7b8aa6b06d70b451f4bb2bfecf29f6ab83f3d","2026-09-01T13:08:16.8922033Z"
"matlab_platform/B3_MM/f_reducedstate2_SPM.m","matlab_platform/B3_MM/f_reducedstate2_SPM.m","matlab_platform","035f1475fd92e5639ff9b7fb78eb678ed2976e1c","dirty: M bcu_config.m","3971","119","9bc3d2841aad85e003004fd59f86c3d75f150223d5708e8d5df0db544e5f6c0d","2026-09-01T13:08:16.8922033Z"
"matlab_platform/B3_MM/Fun_AEfslove_SPM.m","matlab_platform/B3_MM/Fun_AEfslove_SPM.m","matlab_platform","035f1475fd92e5639ff9b7fb78eb678ed2976e1c","dirty: M bcu_config.m","4549","121","1a4ec72beb0dcf111c2a63c0330c825db2b0a5b9b3b6587f4a453aea3751d88e","2026-09-01T13:08:16.8922033Z"
"matlab_platform/B3_MM/Fun_AEiteration_SPM.m","matlab_platform/B3_MM/Fun_AEiteration_SPM.m","matlab_platform","035f1475fd92e5639ff9b7fb78eb678ed2976e1c","dirty: M bcu_config.m","6997","164","7e024515cdb780eee3734fa154a5969f1158a47548d2399705d843a8e7beea37","2026-09-01T13:08:16.8922033Z"
"matlab_platform/B3_MM/Fun_Cal_CCT_Energy_SPM.m","matlab_platform/B3_MM/Fun_Cal_CCT_Energy_SPM.m","matlab_platform","035f1475fd92e5639ff9b7fb78eb678ed2976e1c","dirty: M bcu_config.m","2751","53","9a27a08ce2b92820f35ddd313fb2bafa9b4e49584602454f6397b083a12a2a90","2026-09-01T13:08:16.8922033Z"
"matlab_platform/B3_MM/Fun_Cal_CCT_Energy.m","matlab_platform/B3_MM/Fun_Cal_CCT_Energy.m","matlab_platform","035f1475fd92e5639ff9b7fb78eb678ed2976e1c","dirty: M bcu_config.m","2597","51","eae9155d63ddec1ca64669c9c5d070d0341bafd248696638bd7d3c00c8ecb80a","2026-09-01T13:08:16.8922033Z"
"matlab_platform/B3_MM/Fun_Cal_CCT_Real.m","matlab_platform/B3_MM/Fun_Cal_CCT_Real.m","matlab_platform","035f1475fd92e5639ff9b7fb78eb678ed2976e1c","dirty: M bcu_config.m","5861","127","b61dba5a366759392c9eca3688ed13b7fe3caec7cb2a8d5cdfbf985b681dd598","2026-09-01T13:08:16.8922033Z"
"matlab_platform/B3_MM/Fun_Cal_DampingEnergy.m","matlab_platform/B3_MM/Fun_Cal_DampingEnergy.m","matlab_platform","035f1475fd92e5639ff9b7fb78eb678ed2976e1c","dirty: M bcu_config.m","19566","416","3dd63408789b6b231f51fe838e8187fae9f297c309fb6c6b37435b56d00ffad8","2026-09-01T13:08:16.8922033Z"
"matlab_platform/B3_MM/Fun_Cal_Exitpoint_SPM.m","matlab_platform/B3_MM/Fun_Cal_Exitpoint_SPM.m","matlab_platform","035f1475fd92e5639ff9b7fb78eb678ed2976e1c","dirty: M bcu_config.m","5295","97","2d6f09d1e515b6a701c77b5a414ae2cbabae968f9c3a489452339af2d710e5ef","2026-09-01T13:08:16.8922033Z"
"matlab_platform/B3_MM/Fun_Cal_Exitpoint.m","matlab_platform/B3_MM/Fun_Cal_Exitpoint.m","matlab_platform","035f1475fd92e5639ff9b7fb78eb678ed2976e1c","dirty: M bcu_config.m","4774","112","89b7771501bc415ba79d1e3a7df79edf1d18bede06ea1aaff3e2c733dcb4f66b","2026-09-01T13:08:16.8922033Z"
"matlab_platform/B3_MM/Fun_Cal_GenEMF.m","matlab_platform/B3_MM/Fun_Cal_GenEMF.m","matlab_platform","035f1475fd92e5639ff9b7fb78eb678ed2976e1c","dirty: M bcu_config.m","2113","38","7a066c599630f57ed699b8a9366576923d3013a6457ffa167e884cbe4c76f2b5","2026-09-01T13:08:16.8922033Z"
"matlab_platform/B3_MM/Fun_Cal_MGP_singletraj_SPM.m","matlab_platform/B3_MM/Fun_Cal_MGP_singletraj_SPM.m","matlab_platform","035f1475fd92e5639ff9b7fb78eb678ed2976e1c","dirty: M bcu_config.m","4058","90","ba81629d5f6fd4cf072c4d84d43bd30f7c41e7390b8b117a56bf3678f5af93e3","2026-09-01T13:08:16.8922033Z"
"matlab_platform/B3_MM/Fun_Cal_MGP_singletraj.m","matlab_platform/B3_MM/Fun_Cal_MGP_singletraj.m","matlab_platform","035f1475fd92e5639ff9b7fb78eb678ed2976e1c","dirty: M bcu_config.m","3389","73","367fd51a4656f7f912d75204e454a77cefe6ca71e86cecb0fd016faf86ffcef8","2026-09-01T13:08:16.8922033Z"
"matlab_platform/B3_MM/Fun_Cal_MGP_SPM.m","matlab_platform/B3_MM/Fun_Cal_MGP_SPM.m","matlab_platform","035f1475fd92e5639ff9b7fb78eb678ed2976e1c","dirty: M bcu_config.m","5612","109","55500181e29c5505d56244779abba93890fab2cbe7cfe9187d7c5d7b906b56eb","2026-09-01T13:08:16.8922033Z"
"matlab_platform/B3_MM/Fun_Cal_MGP.m","matlab_platform/B3_MM/Fun_Cal_MGP.m","matlab_platform","035f1475fd92e5639ff9b7fb78eb678ed2976e1c","dirty: M bcu_config.m","4904","105","50784a519419db2b29bdbd6445e803ca8bdcbb9fcebc046b3c65fc96607e9298","2026-09-01T13:08:16.8922033Z"
"matlab_platform/B3_MM/Fun_Cal_PotentialEnergy_SPM.m","matlab_platform/B3_MM/Fun_Cal_PotentialEnergy_SPM.m","matlab_platform","035f1475fd92e5639ff9b7fb78eb678ed2976e1c","dirty: M bcu_config.m","7316","144","075ccd13be515a4be5b4edf7fbb717d78d3ac71eca2234431c8f5a943faf2090","2026-09-01T13:08:16.8922033Z"
"matlab_platform/B3_MM/Fun_Cal_PotentialEnergy.m","matlab_platform/B3_MM/Fun_Cal_PotentialEnergy.m","matlab_platform","035f1475fd92e5639ff9b7fb78eb678ed2976e1c","dirty: M bcu_config.m","4472","97","1d9027d8423c00d5054cad132252af109bcc603005f0d194b3a52af96c7d902c","2026-09-01T13:08:16.8922033Z"
"matlab_platform/B3_MM/Fun_Cal_UpdateStartPoint_SPM.m","matlab_platform/B3_MM/Fun_Cal_UpdateStartPoint_SPM.m","matlab_platform","035f1475fd92e5639ff9b7fb78eb678ed2976e1c","dirty: M bcu_config.m","5511","125","36f79d04c678b751c10a317908cd104c38568bb0b8acec8c2bec9289a5ec8f3d","2026-09-01T13:08:16.8922033Z"
"matlab_platform/B3_MM/Fun_Cal_UpdateStartPoint.m","matlab_platform/B3_MM/Fun_Cal_UpdateStartPoint.m","matlab_platform","035f1475fd92e5639ff9b7fb78eb678ed2976e1c","dirty: M bcu_config.m","3779","92","55c0c65c5173eb8d6103cbd5b5f8de8446eb64800a4496ca2aea05bb1ca378a6","2026-09-01T13:08:16.8922033Z"
"matlab_platform/B3_MM/Fun_RXB2Yfull.m","matlab_platform/B3_MM/Fun_RXB2Yfull.m","matlab_platform","035f1475fd92e5639ff9b7fb78eb678ed2976e1c","dirty: M bcu_config.m","2437","46","cbb20216ee7c86f291baae5b030094045145d9327fdfed6cf14a8f1f9e7d07a0","2026-09-01T13:08:16.8922033Z"
"matlab_platform/B3_MM/Fun_SEPcheck.m","matlab_platform/B3_MM/Fun_SEPcheck.m","matlab_platform","035f1475fd92e5639ff9b7fb78eb678ed2976e1c","dirty: M bcu_config.m","2122","45","ec765194f2a0d25860bb5adc858a5341a48e7f7c8e51a1af51a61cb28691c657","2026-09-01T13:08:16.8922033Z"
"matlab_platform/B3_MM/Fun_SEPfslove_SPM.m","matlab_platform/B3_MM/Fun_SEPfslove_SPM.m","matlab_platform","035f1475fd92e5639ff9b7fb78eb678ed2976e1c","dirty: M bcu_config.m","4550","123","fefc4c801417966229e14dcca19ce510bfe153e7a6058390449dd30854a1a113","2026-09-01T13:08:16.8922033Z"
"matlab_platform/B3_MM/Fun_SEPfslove.m","matlab_platform/B3_MM/Fun_SEPfslove.m","matlab_platform","035f1475fd92e5639ff9b7fb78eb678ed2976e1c","dirty: M bcu_config.m","2530","59","63209669b32d058472d3a52891fae464c8532860d961355bc963d0f5e24b7c71","2026-09-01T13:08:16.8922033Z"
"matlab_platform/B3_MM/Fun_SEPiteration_SPM.m","matlab_platform/B3_MM/Fun_SEPiteration_SPM.m","matlab_platform","035f1475fd92e5639ff9b7fb78eb678ed2976e1c","dirty: M bcu_config.m","5989","164","c8d79ab474e9404d7cefc54f739f58093f02c6716d40ad62061b3c69e310d7a1","2026-09-01T13:08:16.8922033Z"
"matlab_platform/B3_MM/Fun_SEPiteration.m","matlab_platform/B3_MM/Fun_SEPiteration.m","matlab_platform","035f1475fd92e5639ff9b7fb78eb678ed2976e1c","dirty: M bcu_config.m","5963","164","bee5feb8d3a6e2b4c2857a224030369e44540709affbca61a05c54a06b202222","2026-09-01T13:08:16.8922033Z"
"matlab_platform/B3_MM/Fun_TrajIter_SPM.m","matlab_platform/B3_MM/Fun_TrajIter_SPM.m","matlab_platform","035f1475fd92e5639ff9b7fb78eb678ed2976e1c","dirty: M bcu_config.m","4960","111","9f2b05f467410a9163bbe30adc266f642b30f4245d5cd8a1be076348d454e31b","2026-09-01T13:08:16.8922033Z"
"matlab_platform/B3_MM/Fun_TrajIter_SRF.m","matlab_platform/B3_MM/Fun_TrajIter_SRF.m","matlab_platform","035f1475fd92e5639ff9b7fb78eb678ed2976e1c","dirty: M bcu_config.m","4165","91","ba9556664ef77174886020ff56a41d20b8dd121714a17e1edf3d1ddc330c956f","2026-09-01T13:08:16.8922033Z"
"matlab_platform/B3_MM/Fun_TrajIter_StableCheck_SRF.m","matlab_platform/B3_MM/Fun_TrajIter_StableCheck_SRF.m","matlab_platform","035f1475fd92e5639ff9b7fb78eb678ed2976e1c","dirty: M bcu_config.m","4980","120","a039a3006ab0d277ddf3c3ec637ccacb95d788c29054afbfe2cac442e4543a4e","2026-09-01T13:08:16.8922033Z"
"matlab_platform/B3_MM/Fun_Yfull2Yfull.m","matlab_platform/B3_MM/Fun_Yfull2Yfull.m","matlab_platform","035f1475fd92e5639ff9b7fb78eb678ed2976e1c","dirty: M bcu_config.m","4243","115","736a50a2df7a6e824dd363c3d346e5f06dd70144f45113d99ef21e5524e65450","2026-09-01T13:08:16.8922033Z"
"matlab_platform/B3_MM/Fun_Yfull2Yred.m","matlab_platform/B3_MM/Fun_Yfull2Yred.m","matlab_platform","035f1475fd92e5639ff9b7fb78eb678ed2976e1c","dirty: M bcu_config.m","4170","102","79bb4eb3c2751e10a2a6028711d604df401c2add1b4c25a9f57d1328c5815f94","2026-09-01T13:08:16.8922033Z"
"matlab_platform/B3_MM/No local maximum point found!.ps","matlab_platform/B3_MM/No local maximum point found!.ps","matlab_platform","035f1475fd92e5639ff9b7fb78eb678ed2976e1c","dirty: M bcu_config.m","15790","969","d39ee6b65269e18ec6add3d2982a2f381a72f671003c0e928f5bf5e9c8e1f27c","2026-09-01T13:08:16.8922033Z"
"matlab_platform/B3_MM/NumSim_MM_Gridframe_SPM.m","matlab_platform/B3_MM/NumSim_MM_Gridframe_SPM.m","matlab_platform","035f1475fd92e5639ff9b7fb78eb678ed2976e1c","dirty: M bcu_config.m","54634","1010","80ac08a922327a54e206118d084fe43a3569b071ed6305fd1062750a8c7f8bef","2026-09-01T13:08:16.8922033Z"
"matlab_platform/B3_MM/NumSim_MM_Gridframe.m","matlab_platform/B3_MM/NumSim_MM_Gridframe.m","matlab_platform","035f1475fd92e5639ff9b7fb78eb678ed2976e1c","dirty: M bcu_config.m","22163","420","c27ed71e12dbb6378d902a186c82cd0250983736005a24a67efcf53d961a5948","2026-09-01T13:08:16.8922033Z"
"matlab_platform/B3_MM/Plot_3Dstate.m","matlab_platform/B3_MM/Plot_3Dstate.m","matlab_platform","035f1475fd92e5639ff9b7fb78eb678ed2976e1c","dirty: M bcu_config.m","6195","143","22194d83eb2ea61216214dda5a519124459c22021ef3d54a540a6b4bf150af10","2026-09-01T13:08:16.8922033Z"
"matlab_platform/B3_MM/plottmp.m","matlab_platform/B3_MM/plottmp.m","matlab_platform","035f1475fd92e5639ff9b7fb78eb678ed2976e1c","dirty: M bcu_config.m","2283","39","20800595d9ec1ddbbe8cc5d2b895e496d624c4c4ad5cbaa4109817dfeb65e364","2026-09-01T13:08:16.8922033Z"
"matlab_platform/B3_MM/Statable_Region_3D_GFL.m","matlab_platform/B3_MM/Statable_Region_3D_GFL.m","matlab_platform","035f1475fd92e5639ff9b7fb78eb678ed2976e1c","dirty: M bcu_config.m","8340","270","d2cc213c5287112507b4e7592b3c4b8a353b7e442276fd97ae006ee13178b71e","2026-09-01T13:08:16.8922033Z"
"matlab_platform/B3_MM/Statable_Region_3D.m","matlab_platform/B3_MM/Statable_Region_3D.m","matlab_platform","035f1475fd92e5639ff9b7fb78eb678ed2976e1c","dirty: M bcu_config.m","11335","367","f9b82adaa81d9ca34cf78afa6ed3228ad5f944ca12fc49a98ae1e4532a337097","2026-09-01T13:08:16.8922033Z"
"matlab_platform/B3_MM/Statable_Region_SPM.m","matlab_platform/B3_MM/Statable_Region_SPM.m","matlab_platform","035f1475fd92e5639ff9b7fb78eb678ed2976e1c","dirty: M bcu_config.m","9507","274","38ec0df15a952e7bbca5693872542dd69058d0cc1a7a9ca2627bf4689bc5b116","2026-09-01T13:08:16.8922033Z"
"matlab_platform/B3_MM/Statable_Region.m","matlab_platform/B3_MM/Statable_Region.m","matlab_platform","035f1475fd92e5639ff9b7fb78eb678ed2976e1c","dirty: M bcu_config.m","5729","179","cfb73499974a9fcc0c7a28230b074ed67b72ac697188de85623237ea47842eaf","2026-09-01T13:08:16.8922033Z"
"matlab_platform/B3_MM/vectorfield_cal.m","matlab_platform/B3_MM/vectorfield_cal.m","matlab_platform","035f1475fd92e5639ff9b7fb78eb678ed2976e1c","dirty: M bcu_config.m","1969","43","94f28867eedd6a36a9006bed9a81158d458b450029de0b6a5027897dbbd962f0","2026-09-01T13:08:16.8922033Z"
"matlab_platform/bcu_config.m","matlab_platform/bcu_config.m","matlab_platform","035f1475fd92e5639ff9b7fb78eb678ed2976e1c","dirty: M bcu_config.m","4431","75","6944daf5ff06ad91c293d0794ebad36f3e90fd406284768afdec06c57da496b0","2026-09-01T13:08:16.8922033Z"
"matlab_platform/bcu_override.m","matlab_platform/bcu_override.m","matlab_platform","035f1475fd92e5639ff9b7fb78eb678ed2976e1c","dirty: M bcu_config.m","1394","32","ffe6533e632c93012fee7d2f348c5f4adb1d54fe68f2fce291c0e3137e94dd2a","2026-09-01T13:08:16.8922033Z"
"matlab_platform/bcu_pick.m","matlab_platform/bcu_pick.m","matlab_platform","035f1475fd92e5639ff9b7fb78eb678ed2976e1c","dirty: M bcu_config.m","841","18","1ee3881f8f1a1dc8a29ef5b88b30dddca452b9e038ab0dd584ea81f00e63f5a3","2026-09-01T13:08:16.8922033Z"
"matlab_platform/bcu_validate_config.m","matlab_platform/bcu_validate_config.m","matlab_platform","035f1475fd92e5639ff9b7fb78eb678ed2976e1c","dirty: M bcu_config.m","3802","96","6c74008db22b2aa3700d17040e89ac4b965129590a6f05f6a7e4b56bc197f3f6","2026-09-01T13:08:16.8922033Z"
"matlab_platform/docs/修改日志.md","matlab_platform/docs/修改日志.md","matlab_platform","035f1475fd92e5639ff9b7fb78eb678ed2976e1c","dirty: M bcu_config.m","7850","107","87db227b15386acb7706e11127721354d587a61071a44a4ea363da2131fae8a4","2026-09-01T13:08:16.8922033Z"
"matlab_platform/docs/BCU_MATLAB新手操作指南.md","matlab_platform/docs/BCU_MATLAB新手操作指南.md","matlab_platform","035f1475fd92e5639ff9b7fb78eb678ed2976e1c","dirty: M bcu_config.m","13892","253","b44af4d2ee149ab45ff533791aafcb908284a87ddd8175b6dbc8604c34f241c3","2026-09-01T13:08:16.8922033Z"
"matlab_platform/docs/BCU平台操作入口指南.md","matlab_platform/docs/BCU平台操作入口指南.md","matlab_platform","035f1475fd92e5639ff9b7fb78eb678ed2976e1c","dirty: M bcu_config.m","5070","122","dcd81a592d7e71b4530b5ef5353d06fcfd86684e8dd056b756653a942205847c","2026-09-01T13:08:16.8922033Z"
"matlab_platform/docs/BCU学习与运行指南.md","matlab_platform/docs/BCU学习与运行指南.md","matlab_platform","035f1475fd92e5639ff9b7fb78eb678ed2976e1c","dirty: M bcu_config.m","7630","220","911f3b31c40390aaccf4741772f38288be0e9d4936838eb6c70f3d9f285446bd","2026-09-01T13:08:16.8922033Z"
"matlab_platform/docs/superpowers/plans/2026-08-27-bcu-matlab-beginner-operations.md","matlab_platform/docs/superpowers/plans/2026-08-27-bcu-matlab-beginner-operations.md","matlab_platform","035f1475fd92e5639ff9b7fb78eb678ed2976e1c","dirty: M bcu_config.m","7343","135","f60568543482935066ca1dd5dbee50af250e7afdaccdcfe23b83886c76001e86","2026-09-01T13:08:16.8922033Z"
"matlab_platform/docs/superpowers/specs/2026-08-27-bcu-matlab-beginner-operations-design.md","matlab_platform/docs/superpowers/specs/2026-08-27-bcu-matlab-beginner-operations-design.md","matlab_platform","035f1475fd92e5639ff9b7fb78eb678ed2976e1c","dirty: M bcu_config.m","3734","72","5586ff747a3df636c7a2508e30fd4437adf6fa380449bd33f64de40cb7e11879","2026-09-01T13:08:16.8922033Z"
"matlab_platform/README.md","matlab_platform/README.md","matlab_platform","035f1475fd92e5639ff9b7fb78eb678ed2976e1c","dirty: M bcu_config.m","3074","66","9673a1157f9576124cfd6c58f0f2baa67da889eedd9dcd14e290251f2807c25d","2026-09-01T13:08:16.8922033Z"
"matlab_platform/run_bcu_beginner.m","matlab_platform/run_bcu_beginner.m","matlab_platform","035f1475fd92e5639ff9b7fb78eb678ed2976e1c","dirty: M bcu_config.m","5385","111","fe91804baa0942dd6c2b5d0c1bb58535f7d41b33fe882095c0eadd8d7609c4fd","2026-09-01T13:08:16.8922033Z"
"matlab_platform/run_bcu_sweep.m","matlab_platform/run_bcu_sweep.m","matlab_platform","035f1475fd92e5639ff9b7fb78eb678ed2976e1c","dirty: M bcu_config.m","4488","85","4c047c20cfe9392079733a9f064a62131964f700f6475d7209f8b4e0a02bee1d","2026-09-01T13:08:16.8922033Z"
"matlab_platform/run_bcu.m","matlab_platform/run_bcu.m","matlab_platform","035f1475fd92e5639ff9b7fb78eb678ed2976e1c","dirty: M bcu_config.m","5457","113","9a67488b9646f4602f4c8920e7fa51e20f580e0b300dba1c7c6baa492526775d","2026-09-01T13:08:16.8922033Z"
"matlab_platform/setup_bcu_paths.m","matlab_platform/setup_bcu_paths.m","matlab_platform","035f1475fd92e5639ff9b7fb78eb678ed2976e1c","dirty: M bcu_config.m","3501","73","73d58c3d24890f9260d453260e164bbadcbf985206941df5324456cb0748caa7","2026-09-01T13:08:16.8922033Z"
"matlab_platform/verify/export_numerical.m","matlab_platform/verify/export_numerical.m","matlab_platform","035f1475fd92e5639ff9b7fb78eb678ed2976e1c","dirty: M bcu_config.m","1283","23","0d8b387dcdcc8bed986606e0c4495fee37d519bc340760bb4b3bfb29c6b59963","2026-09-01T13:08:16.8922033Z"
"matlab_platform/verify/export_region.m","matlab_platform/verify/export_region.m","matlab_platform","035f1475fd92e5639ff9b7fb78eb678ed2976e1c","dirty: M bcu_config.m","1188","27","220778f978d490384045960cfc3644ed2996cb5261c5c092084bd8ac1d1c2456","2026-09-01T13:08:16.8922033Z"
"matlab_platform/verify/export_spm.m","matlab_platform/verify/export_spm.m","matlab_platform","035f1475fd92e5639ff9b7fb78eb678ed2976e1c","dirty: M bcu_config.m","2310","49","a363e8de060aad4c21bd59971e6ee106c71d0a8b28cee097c6ca6ce966ffec54","2026-09-01T13:08:16.8922033Z"
"matlab_platform/verify/export_twomachine.m","matlab_platform/verify/export_twomachine.m","matlab_platform","035f1475fd92e5639ff9b7fb78eb678ed2976e1c","dirty: M bcu_config.m","1256","32","410f5e6df2f986fd3127f6797cff03ebe4c0db343235d74e1f5a4914ac937f80","2026-09-01T13:08:16.8922033Z"
"matlab_platform/verify/v0_baseline.m","matlab_platform/verify/v0_baseline.m","matlab_platform","035f1475fd92e5639ff9b7fb78eb678ed2976e1c","dirty: M bcu_config.m","4016","76","828a2465310ded014cb8c67ff6ebaf4f244b377aa5466213115f305fb126854e","2026-09-01T13:08:16.8922033Z"
"matlab_platform/verify/v1_unit.m","matlab_platform/verify/v1_unit.m","matlab_platform","035f1475fd92e5639ff9b7fb78eb678ed2976e1c","dirty: M bcu_config.m","4118","81","9a74d24fda6f51a30e712dbd2ad3e74e1d4b9248f93fca5023d8d759d01db369","2026-09-01T13:08:16.8922033Z"
"matlab_platform/verify/v2_energy.m","matlab_platform/verify/v2_energy.m","matlab_platform","035f1475fd92e5639ff9b7fb78eb678ed2976e1c","dirty: M bcu_config.m","4257","77","ee1cc6d0ae24f9b868ec11cbe322b5ad36c3ffd91a5336cb9e4ac9fec4a24b84","2026-09-01T13:08:16.8922033Z"
"matlab_platform/WORKLOG.md","matlab_platform/WORKLOG.md","matlab_platform","035f1475fd92e5639ff9b7fb78eb678ed2976e1c","dirty: M bcu_config.m","7012","131","e847bb69652867916fae0ce6ec5e886bb0afffa441f0216e1cd82695ecacf106","2026-09-01T13:08:16.8922033Z"
"matlab_platform/Y.m","matlab_platform/Y.m","matlab_platform","035f1475fd92e5639ff9b7fb78eb678ed2976e1c","dirty: M bcu_config.m","1302","22","3d3078073a17f497f5f0bfe9cc840dd133118eab8841017a77353a084c8f7afc","2026-09-01T13:08:16.8922033Z"
"python_bcu_v2/.gitignore","python_bcu_v2/.gitignore","python_bcu_v2","4bc054c81b7193318ac2bf179a248dca3cc3341b","clean","68","6","6dda40dc3bd8a582bdda1ead7f2a17741cf4bbc67f8f5574ee3f837b261cfb14","2026-09-01T13:08:16.8922033Z"
"python_bcu_v2/当下交互操作手册_CN.md","python_bcu_v2/当下交互操作手册_CN.md","python_bcu_v2","4bc054c81b7193318ac2bf179a248dca3cc3341b","clean","10952","236","caf5f6c23fe438a2739fcc390525805c5bf3bc4f6047217baf8d33fe01276726","2026-09-01T13:08:16.8922033Z"
"python_bcu_v2/改进与提升路线图_CN.md","python_bcu_v2/改进与提升路线图_CN.md","python_bcu_v2","4bc054c81b7193318ac2bf179a248dca3cc3341b","clean","6397","120","84be9c249c99339f3a067b24525dedcc23f5c8f8927b9c7db54fac994c7ed738","2026-09-01T13:08:16.8922033Z"
"python_bcu_v2/交接文档_HANDOVER_CN.md","python_bcu_v2/交接文档_HANDOVER_CN.md","python_bcu_v2","4bc054c81b7193318ac2bf179a248dca3cc3341b","clean","18651","276","4f27dc0b29e3471c77d39a248839816c4710905f4797cd003744bece7da70bac","2026-09-01T13:08:16.8922033Z"
"python_bcu_v2/验证覆盖矩阵_CN.md","python_bcu_v2/验证覆盖矩阵_CN.md","python_bcu_v2","4bc054c81b7193318ac2bf179a248dca3cc3341b","clean","9267","151","6b0fd111b5333b5848ad92518d734e1b0190a8afcfd5dc1ed230611a2e4f3505","2026-09-01T13:08:16.8922033Z"
"python_bcu_v2/bcu_v2/__init__.py","python_bcu_v2/bcu_v2/__init__.py","python_bcu_v2","4bc054c81b7193318ac2bf179a248dca3cc3341b","clean","658","19","c6137d08ccc387c81863869a21fc534c116e3725fe9a56b8954daa0b237af04e","2026-09-01T13:08:16.8922033Z"
"python_bcu_v2/bcu_v2/cct.py","python_bcu_v2/bcu_v2/cct.py","python_bcu_v2","4bc054c81b7193318ac2bf179a248dca3cc3341b","clean","4385","124","96b9a938887d20649f37188531b2ee6ecf4b5bf5acbfbedf38ae4613d66150de","2026-09-01T13:08:16.8922033Z"
"python_bcu_v2/bcu_v2/config.py","python_bcu_v2/bcu_v2/config.py","python_bcu_v2","4bc054c81b7193318ac2bf179a248dca3cc3341b","clean","8056","192","6d47ccd1be25533d40a6624f10aa9d2d8daaf165201bae8300885f9b9a3a7a00","2026-09-01T13:08:16.8922033Z"
"python_bcu_v2/bcu_v2/cuep.py","python_bcu_v2/bcu_v2/cuep.py","python_bcu_v2","4bc054c81b7193318ac2bf179a248dca3cc3341b","clean","11125","251","c1b091f118b429f6907ec1a4c809fcc4196f91d476239b18c0eb70639392a0cc","2026-09-01T13:08:16.8922033Z"
"python_bcu_v2/bcu_v2/fixes.py","python_bcu_v2/bcu_v2/fixes.py","python_bcu_v2","4bc054c81b7193318ac2bf179a248dca3cc3341b","clean","4154","103","013f992009c76457269aaaf119c4b2da28a97a19e23505d9755f40f24ae181d8","2026-09-01T13:08:16.8922033Z"
"python_bcu_v2/bcu_v2/invariants.py","python_bcu_v2/bcu_v2/invariants.py","python_bcu_v2","4bc054c81b7193318ac2bf179a248dca3cc3341b","clean","7739","180","a11f4951480d19fc4ebbb0f751873d04fbdd9831f4a96beeee105b78adc026de","2026-09-01T13:08:16.8922033Z"
"python_bcu_v2/bcu_v2/loads.py","python_bcu_v2/bcu_v2/loads.py","python_bcu_v2","4bc054c81b7193318ac2bf179a248dca3cc3341b","clean","2108","51","af8d0477cd96e60a1207d93c801cc4e6297a6a7d458ef7e6ba04eee9523393df","2026-09-01T13:08:16.8922033Z"
"python_bcu_v2/bcu_v2/matlab_xval.py","python_bcu_v2/bcu_v2/matlab_xval.py","python_bcu_v2","4bc054c81b7193318ac2bf179a248dca3cc3341b","clean","5361","109","763284d2696faf59ccf6adcd2c6fde4cbd3fef562fd0c4f23726d24dd9f95741","2026-09-01T13:08:16.8922033Z"
"python_bcu_v2/bcu_v2/models.py","python_bcu_v2/bcu_v2/models.py","python_bcu_v2","4bc054c81b7193318ac2bf179a248dca3cc3341b","clean","3541","112","1ceb6ad03717280e9ef966ef39bcdfe10703c0486b17288292afc042fced1e2c","2026-09-01T13:08:16.8922033Z"
"python_bcu_v2/bcu_v2/smib.py","python_bcu_v2/bcu_v2/smib.py","python_bcu_v2","4bc054c81b7193318ac2bf179a248dca3cc3341b","clean","3957","117","272dcab97b75fe290380aea1d373bada64658c88440b95e5a087b541d2837a1b","2026-09-01T13:08:16.8922033Z"
"python_bcu_v2/bcu_v2/solvers.py","python_bcu_v2/bcu_v2/solvers.py","python_bcu_v2","4bc054c81b7193318ac2bf179a248dca3cc3341b","clean","4498","108","1b62c3edfa45341ea127479811ff6063bbe52f275de1e2e7253d95fbe0a9a20e","2026-09-01T13:08:16.8922033Z"
"python_bcu_v2/bcu_v2/spm_dae.py","python_bcu_v2/bcu_v2/spm_dae.py","python_bcu_v2","4bc054c81b7193318ac2bf179a248dca3cc3341b","clean","4709","113","f6bb12ca119474aad60a8576591a74d66318d3be69aef6670fe68a9b5a40db29","2026-09-01T13:08:16.8922033Z"
"python_bcu_v2/bcu_v2/spm_energy.py","python_bcu_v2/bcu_v2/spm_energy.py","python_bcu_v2","4bc054c81b7193318ac2bf179a248dca3cc3341b","clean","10097","209","4ea125050fee6b5a572faea679bf05623dad619f96d00ff60b4840c3190156dd","2026-09-01T13:08:16.8922033Z"
"python_bcu_v2/bcu_v2/systems.py","python_bcu_v2/bcu_v2/systems.py","python_bcu_v2","4bc054c81b7193318ac2bf179a248dca3cc3341b","clean","4011","91","27226e10a51c247eaf52c881d4c133d6ca546be8e8f2d0b6142d04601c5eb050","2026-09-01T13:08:16.8922033Z"
"python_bcu_v2/cli.py","python_bcu_v2/cli.py","python_bcu_v2","4bc054c81b7193318ac2bf179a248dca3cc3341b","clean","7147","193","f57b53301d1c5aaf3e7edd69e2f373a206016d06982b78b6ffba85bc8fdcafb2","2026-09-01T13:08:16.8922033Z"
"python_bcu_v2/config.yaml","python_bcu_v2/config.yaml","python_bcu_v2","4bc054c81b7193318ac2bf179a248dca3cc3341b","clean","2754","50","750f0cca8fe52845e90dab88aac4d1d21a485478085a8d0e7c0ff7b9b355b021","2026-09-01T13:08:16.8922033Z"
"python_bcu_v2/README_CN.md","python_bcu_v2/README_CN.md","python_bcu_v2","4bc054c81b7193318ac2bf179a248dca3cc3341b","clean","8572","161","7f713b66615dce4c2723b4117030d1e3e10fffa2e3da4ef1ffd0ce1416399996","2026-09-01T13:08:16.8922033Z"
"python_bcu_v2/run_full_xval.py","python_bcu_v2/run_full_xval.py","python_bcu_v2","4bc054c81b7193318ac2bf179a248dca3cc3341b","clean","7010","160","fb934b7ecff15de5ec12939c52e87cda7be08aad1799df532751eb0b43b0228a","2026-09-01T13:08:16.8922033Z"
"python_bcu_v2/run_matlab_xval.py","python_bcu_v2/run_matlab_xval.py","python_bcu_v2","4bc054c81b7193318ac2bf179a248dca3cc3341b","clean","1973","58","6bae2fe505648eee87d0cc0f344dab5026279f7bcdae6dc360c7f93c70706038","2026-09-01T13:08:16.8922033Z"
"python_bcu_v2/run_validation.py","python_bcu_v2/run_validation.py","python_bcu_v2","4bc054c81b7193318ac2bf179a248dca3cc3341b","clean","2684","72","a481b9238d0dcb2a88a0624b7159020cf8c8d7f9f348fb0c99dd30519dbf4c9e","2026-09-01T13:08:16.8922033Z"
"python_bcu_v2/test_config.py","python_bcu_v2/test_config.py","python_bcu_v2","4bc054c81b7193318ac2bf179a248dca3cc3341b","clean","2799","81","a8e0bd9db5e8ebced01dcf990ff1a37543c1b9147f6bac635ed4c73211c979d2","2026-09-01T13:08:16.8922033Z"
"python_bcu_v2/test_cuep.py","python_bcu_v2/test_cuep.py","python_bcu_v2","4bc054c81b7193318ac2bf179a248dca3cc3341b","clean","4654","121","5c00012e627876682037e8c8e496b0f3eecebf19700e47b0aab27e5ef213513b","2026-09-01T13:08:16.8922033Z"
"python_bcu_v2/test_fixes.py","python_bcu_v2/test_fixes.py","python_bcu_v2","4bc054c81b7193318ac2bf179a248dca3cc3341b","clean","4986","111","cfadc15f38f549c891e79ed6338320e25a24cc318b3ce5b35c49984ed134e8a3","2026-09-01T13:08:16.8922033Z"
"python_bcu_v2/test_p2.py","python_bcu_v2/test_p2.py","python_bcu_v2","4bc054c81b7193318ac2bf179a248dca3cc3341b","clean","5708","130","36e84f56ac040b0598e34deac673ef62ce0902d3691ea842ae03906644b193a3","2026-09-01T13:08:16.8922033Z"
"python_bcu_v2/test_solvers.py","python_bcu_v2/test_solvers.py","python_bcu_v2","4bc054c81b7193318ac2bf179a248dca3cc3341b","clean","2666","73","b1d44884d6111e789fb6967cce8751ef2ba12481a8be6abc0ce6acf3bfce879f","2026-09-01T13:08:16.8922033Z"
"python_bcu_v2/test_spm_dae.py","python_bcu_v2/test_spm_dae.py","python_bcu_v2","4bc054c81b7193318ac2bf179a248dca3cc3341b","clean","4066","103","5932eb313f8450760dc0a17758060c5f4a8792bcc3df8eb01b8afba0a67111c5","2026-09-01T13:08:16.8922033Z"
"python_bcu/.gitignore","python_bcu/.gitignore","python_bcu","34ecbf974bbe27cf63d9ec45e39626b5e49b6f2c","dirty:?? results/","50","4","9237872e5e545f0edabe50290451a8b2fe598a7fa54dccc06e9bf3259411a3ae","2026-09-01T13:08:16.8922033Z"
"python_bcu/平台操作指南_CN.md","python_bcu/平台操作指南_CN.md","python_bcu","34ecbf974bbe27cf63d9ec45e39626b5e49b6f2c","dirty:?? results/","21878","445","3f6efff3a0b6230fa2ac260a6eff6729e94f3d73035a13105bd5954b68e0b3d4","2026-09-01T13:08:16.8922033Z"
"python_bcu/bcu_3m9b/__init__.py","python_bcu/bcu_3m9b/__init__.py","python_bcu","34ecbf974bbe27cf63d9ec45e39626b5e49b6f2c","dirty:?? results/","1107","32","8c21f8131779d42f2ae0aec2518c49745ff5c7bee39ac5b5405ad894a1618867","2026-09-01T13:08:16.8922033Z"
"python_bcu/bcu_3m9b/bcu.py","python_bcu/bcu_3m9b/bcu.py","python_bcu","34ecbf974bbe27cf63d9ec45e39626b5e49b6f2c","dirty:?? results/","9081","199","92d64e20f580062a50d478ba2a215df3a16f3cf89130107a11d6c8a2e711a7e1","2026-09-01T13:08:16.8922033Z"
"python_bcu/bcu_3m9b/cases.py","python_bcu/bcu_3m9b/cases.py","python_bcu","34ecbf974bbe27cf63d9ec45e39626b5e49b6f2c","dirty:?? results/","8825","114","ad83435521ba9a71a2ebfc0b575b3992e5938aab804eb726c7744bb3670271fe","2026-09-01T13:08:16.8922033Z"
"python_bcu/bcu_3m9b/config.py","python_bcu/bcu_3m9b/config.py","python_bcu","34ecbf974bbe27cf63d9ec45e39626b5e49b6f2c","dirty:?? results/","6423","166","5b55e1bd44d8a90f0fa6015e177c90d6c0ab689b030a4d78104216e7d81e8e82","2026-09-01T13:08:16.8922033Z"
"python_bcu/bcu_3m9b/cuep.py","python_bcu/bcu_3m9b/cuep.py","python_bcu","34ecbf974bbe27cf63d9ec45e39626b5e49b6f2c","dirty:?? results/","8247","193","b3440a38d2bc4922758e7175aa13990a40da49162fd9a1472c71194e4140b9ec","2026-09-01T13:08:16.8922033Z"
"python_bcu/bcu_3m9b/dynamics.py","python_bcu/bcu_3m9b/dynamics.py","python_bcu","34ecbf974bbe27cf63d9ec45e39626b5e49b6f2c","dirty:?? results/","10724","224","c7e1732fcc7781ffb22db5c7019c8d3a05d01c5e4a6062e26acde0a8f17e8a62","2026-09-01T13:08:16.8922033Z"
"python_bcu/bcu_3m9b/energy.py","python_bcu/bcu_3m9b/energy.py","python_bcu","34ecbf974bbe27cf63d9ec45e39626b5e49b6f2c","dirty:?? results/","7534","177","9311de42df0bbd6acbb792ed2bb287c97d22621182e9ac284671883b254308d8","2026-09-01T13:08:16.8922033Z"
"python_bcu/bcu_3m9b/equilibrium.py","python_bcu/bcu_3m9b/equilibrium.py","python_bcu","34ecbf974bbe27cf63d9ec45e39626b5e49b6f2c","dirty:?? results/","6175","151","0ef5364ad28b3968537f8afef29fd90b75b28c975cfeb5990c2cd7ff22a6a422","2026-09-01T13:08:16.8922033Z"
"python_bcu/bcu_3m9b/experiments.py","python_bcu/bcu_3m9b/experiments.py","python_bcu","34ecbf974bbe27cf63d9ec45e39626b5e49b6f2c","dirty:?? results/","35665","743","54bc2e7358ced11e7fa9125058f66b96d1771552972a71beac6100de01ebab7a","2026-09-01T13:08:16.8922033Z"
"python_bcu/bcu_3m9b/matlab_compat.py","python_bcu/bcu_3m9b/matlab_compat.py","python_bcu","34ecbf974bbe27cf63d9ec45e39626b5e49b6f2c","dirty:?? results/","6184","146","1eec0fa211a9be7734c9af443bcad660a8436ef34463bece7247573ebceeb24e","2026-09-01T13:08:16.8922033Z"
"python_bcu/bcu_3m9b/network.py","python_bcu/bcu_3m9b/network.py","python_bcu","34ecbf974bbe27cf63d9ec45e39626b5e49b6f2c","dirty:?? results/","6303","158","f2ca6ba6782fab56eb2bb8b30928072f6a6ab1b0ed372c111da8a53c7e5d37d9","2026-09-01T13:08:16.8922033Z"
"python_bcu/bcu_3m9b/numerics.py","python_bcu/bcu_3m9b/numerics.py","python_bcu","34ecbf974bbe27cf63d9ec45e39626b5e49b6f2c","dirty:?? results/","5288","134","6979992ed97fcaaed26e19c3c35a60d08063b31044678d46fbc92ccb8b54f308","2026-09-01T13:08:16.8922033Z"
"python_bcu/bcu_3m9b/plotting.py","python_bcu/bcu_3m9b/plotting.py","python_bcu","34ecbf974bbe27cf63d9ec45e39626b5e49b6f2c","dirty:?? results/","2332","73","d1c669ac8907d30f8fe0d9583080a74df925f08199c71c57e5e2661742309e07","2026-09-01T13:08:16.8922033Z"
"python_bcu/bcu_3m9b/powerflow.py","python_bcu/bcu_3m9b/powerflow.py","python_bcu","34ecbf974bbe27cf63d9ec45e39626b5e49b6f2c","dirty:?? results/","9154","222","cca32706104ea6c0c1168bd4e9e3e2d166b6b0d163d3d38c24797f507bf056ae","2026-09-01T13:08:16.8922033Z"
"python_bcu/bcu_3m9b/spm.py","python_bcu/bcu_3m9b/spm.py","python_bcu","34ecbf974bbe27cf63d9ec45e39626b5e49b6f2c","dirty:?? results/","7709","176","9e0ae007edf792862a3033b6d49081e9970f3641f9c1c36e659f12452d66890c","2026-09-01T13:08:16.8922033Z"
"python_bcu/bcu_3m9b/stability_region.py","python_bcu/bcu_3m9b/stability_region.py","python_bcu","34ecbf974bbe27cf63d9ec45e39626b5e49b6f2c","dirty:?? results/","2865","73","ba0ce61d62ea9b9e7d2544ebcb9ff8daf1f6ba1e29262280e061bfa69adf11e4","2026-09-01T13:08:16.8922033Z"
"python_bcu/bcu_3m9b/two_machine.py","python_bcu/bcu_3m9b/two_machine.py","python_bcu","34ecbf974bbe27cf63d9ec45e39626b5e49b6f2c","dirty:?? results/","6441","163","3640fa99c697d7b7f5f8635ec05f1d73e94f8c438a4c38be239e62571102a6da","2026-09-01T13:08:16.8922033Z"
"python_bcu/bcu_3m9b/types.py","python_bcu/bcu_3m9b/types.py","python_bcu","34ecbf974bbe27cf63d9ec45e39626b5e49b6f2c","dirty:?? results/","7744","252","7c4e8b5abb0faec56757412806601c88707864cc464109b99e9672b44ee977d8","2026-09-01T13:08:16.8922033Z"
"python_bcu/cli.py","python_bcu/cli.py","python_bcu","34ecbf974bbe27cf63d9ec45e39626b5e49b6f2c","dirty:?? results/","6955","189","bc4d44ad7a14f6ade396f439789dda5fe5b6c96548b63aa8bbea47367cd307b3","2026-09-01T13:08:16.8922033Z"
"python_bcu/config.yaml","python_bcu/config.yaml","python_bcu","34ecbf974bbe27cf63d9ec45e39626b5e49b6f2c","dirty:?? results/","2444","49","d7512e09518a90a5ac4388c26975a90608214791f314342ec90f8b318bafb0fb","2026-09-01T13:08:16.8922033Z"
"python_bcu/docs/MATLAB_PYTHON模块映射_CN.md","python_bcu/docs/MATLAB_PYTHON模块映射_CN.md","python_bcu","34ecbf974bbe27cf63d9ec45e39626b5e49b6f2c","dirty:?? results/","2769","35","b44a4d986fe1ca46d31e0e7fcae23ab5a3348be5f870d49ed8744bc912a746a0","2026-09-01T13:08:16.8922033Z"
"python_bcu/docs/PYTHON复写修改日志.md","python_bcu/docs/PYTHON复写修改日志.md","python_bcu","34ecbf974bbe27cf63d9ec45e39626b5e49b6f2c","dirty:?? results/","2495","48","c5d56ef26178ec8298535fb80d3cc097abadf0fc433e5561028982ca08acd421","2026-09-01T13:08:16.8922033Z"
"python_bcu/docs/PYTHON学习与运行指南_CN.md","python_bcu/docs/PYTHON学习与运行指南_CN.md","python_bcu","34ecbf974bbe27cf63d9ec45e39626b5e49b6f2c","dirty:?? results/","4161","93","03c0455adffd819ea93e33ee99bd50b90433f8ee7fab472c2331e019f7a014a6","2026-09-01T13:08:16.8922033Z"
"python_bcu/draw_plots.py","python_bcu/draw_plots.py","python_bcu","34ecbf974bbe27cf63d9ec45e39626b5e49b6f2c","dirty:?? results/","2063","57","9b348c0973029a05da202b8a3209dfbc70a32a75df4af965baf90e478e0aa39a","2026-09-01T13:08:16.8922033Z"
"python_bcu/main.py","python_bcu/main.py","python_bcu","34ecbf974bbe27cf63d9ec45e39626b5e49b6f2c","dirty:?? results/","10046","265","de3b164af7145a6631441947fe685a2c51d413fffeccd048f8d000a4396c6dee","2026-09-01T13:08:16.8922033Z"
"python_bcu/pyproject.toml","python_bcu/pyproject.toml","python_bcu","34ecbf974bbe27cf63d9ec45e39626b5e49b6f2c","dirty:?? results/","324","13","79083ba5c688510dde15a62de8011906777b05b5b7a5bce9feee8046bc3f1ff4","2026-09-01T13:08:16.8922033Z"
"python_bcu/README_CN.md","python_bcu/README_CN.md","python_bcu","34ecbf974bbe27cf63d9ec45e39626b5e49b6f2c","dirty:?? results/","3780","65","2c08d027a5948f688785d8d506f7c50161fa76dc2ad01633daeb34b60ceb89f2","2026-09-01T13:08:16.8922033Z"
"python_bcu/scripts/run_experiment.py","python_bcu/scripts/run_experiment.py","python_bcu","34ecbf974bbe27cf63d9ec45e39626b5e49b6f2c","dirty:?? results/","1665","43","735e44be1e60c670927a2bd42f34ab81c26dbd655020b12572d586a48b293166","2026-09-01T13:08:16.8922033Z"
"python_bcu/scripts/run_spm.py","python_bcu/scripts/run_spm.py","python_bcu","34ecbf974bbe27cf63d9ec45e39626b5e49b6f2c","dirty:?? results/","1469","42","c0804bf5e145dd1edcc7734c2561d74d08354afd6ad65de508b9cd71188bce77","2026-09-01T13:08:16.8922033Z"
"python_bcu/scripts/run_static.py","python_bcu/scripts/run_static.py","python_bcu","34ecbf974bbe27cf63d9ec45e39626b5e49b6f2c","dirty:?? results/","2359","48","a196e6ef4485742939bea14627a7ebd54f23d8e15033a0d1d7a4e5fa9ad58431","2026-09-01T13:08:16.8922033Z"
"python_bcu/scripts/run_two_machine.py","python_bcu/scripts/run_two_machine.py","python_bcu","34ecbf974bbe27cf63d9ec45e39626b5e49b6f2c","dirty:?? results/","1649","46","b2e5fc715e70ef51b3ed545b4b28db155bc5e3f9c7d1ab78f18d1ed59fe40fd5","2026-09-01T13:08:16.8922033Z"
"python_bcu/tests/smoke_test.py","python_bcu/tests/smoke_test.py","python_bcu","34ecbf974bbe27cf63d9ec45e39626b5e49b6f2c","dirty:?? results/","1590","47","74c3f0c7eb8d4328ffbbfe3652c840bc1138b785c05c3edcb1824413f24bea42","2026-09-01T13:08:16.8922033Z"
